<?xml version="1.0" encoding="UTF-8"?>
<!DOCTYPE mapper PUBLIC "-//mybatis.org//DTD Mapper 3.0//EN" "http://mybatis.org/dtd/mybatis-3-mapper.dtd">
<mapper namespace="com.example.dog.mapper.adopMapper">
  <resultMap id="BaseResultMap" type="com.example.dog.entity.adop">
    <id column="pets_id" jdbcType="INTEGER" property="petsId"/>
    <result column="pets_name" jdbcType="VARCHAR" property="petsName"/>
    <result column="pets_kind" jdbcType="VARCHAR" property="petsKind"/>
    <result column="pets_species" jdbcType="VARCHAR" property="petsSpecies"/>
    <result column="pets_address" jdbcType="VARCHAR" property="petsAddress"/>
    <result column="pets_adopCondition" jdbcType="VARCHAR" property="petsAdopcondition"/>
    <result column="pets_describe" jdbcType="VARCHAR" property="petsDescribe"/>
    <result column="pets_linkman" jdbcType="VARCHAR" property="petsLinkman"/>
    <result column="pets_lmWechat" jdbcType="VARCHAR" property="petsLmwechat"/>
    <result column="pets_lmPhone" jdbcType="VARCHAR" property="petsLmphone"/>
    <result column="sender_id" jdbcType="INTEGER" property="senderId"/>
    <result column="send_time" jdbcType="TIMESTAMP" property="sendTime"/>
    <result column="pets_img" jdbcType="VARCHAR" property="petsImg"/>
    <result column="isMoney" jdbcType="INTEGER" property="ismoney"/>
  </resultMap>
  <sql id="Base_Column_List">
    pets_id, pets_name, pets_kind, pets_species, pets_address, pets_adopCondition, pets_describe, 
    pets_linkman, pets_lmWechat, pets_lmPhone, sender_id, send_time, pets_img, isMoney
  </sql>

  <select id="selectByPrimaryKey" parameterType="java.lang.Integer" resultMap="BaseResultMap">
    select 
    <include refid="Base_Column_List" />
    from pets_adop
    where pets_id = #{petsId,jdbcType=INTEGER}
  </select>

  <select id="select" parameterType="java.lang.Integer" resultMap="BaseResultMap">
    select
    <include refid="Base_Column_List" />
    from pets_adop
  </select>


  <delete id="deleteByPrimaryKey" parameterType="java.lang.Integer">
    delete from pets_adop
    where pets_id = #{petsId,jdbcType=INTEGER}
  </delete>
  <insert id="insert" parameterType="com.example.dog.entity.adop">
    insert into pets_adop (pets_id, pets_name, pets_kind, 
      pets_species, pets_address, pets_adopCondition, 
      pets_describe, pets_linkman, pets_lmWechat, 
      pets_lmPhone, sender_id, send_time, 
      pets_img, isMoney)
    values (#{petsId,jdbcType=INTEGER}, #{petsName,jdbcType=VARCHAR}, #{petsKind,jdbcType=VARCHAR}, 
      #{petsSpecies,jdbcType=VARCHAR}, #{petsAddress,jdbcType=VARCHAR}, #{petsAdopcondition,jdbcType=VARCHAR}, 
      #{petsDescribe,jdbcType=VARCHAR}, #{petsLinkman,jdbcType=VARCHAR}, #{petsLmwechat,jdbcType=VARCHAR}, 
      #{petsLmphone,jdbcType=VARCHAR}, #{senderId,jdbcType=INTEGER}, #{sendTime,jdbcType=TIMESTAMP}, 
      #{petsImg,jdbcType=VARCHAR}, #{ismoney,jdbcType=INTEGER})
  </insert>
  <insert id="insertSelective" parameterType="com.example.dog.entity.adop">
    insert into pets_adop
    <trim prefix="(" suffix=")" suffixOverrides=",">
      <if test="petsId != null">
        pets_id,
      </if>
      <if test="petsName != null">
        pets_name,
      </if>
      <if test="petsKind != null">
        pets_kind,
      </if>
      <if test="petsSpecies != null">
        pets_species,
      </if>
      <if test="petsAddress != null">
        pets_address,
      </if>
      <if test="petsAdopcondition != null">
        pets_adopCondition,
      </if>
      <if test="petsDescribe != null">
        pets_describe,
      </if>
      <if test="petsLinkman != null">
        pets_linkman,
      </if>
      <if test="petsLmwechat != null">
        pets_lmWechat,
      </if>
      <if test="petsLmphone != null">
        pets_lmPhone,
      </if>
      <if test="senderId != null">
        sender_id,
      </if>
      <if test="sendTime != null">
        send_time,
      </if>
      <if test="petsImg != null">
        pets_img,
      </if>
      <if test="ismoney != null">
        isMoney,
      </if>
    </trim>
    <trim prefix="values (" suffix=")" suffixOverrides=",">
      <if test="petsId != null">
        #{petsId,jdbcType=INTEGER},
      </if>
      <if test="petsName != null">
        #{petsName,jdbcType=VARCHAR},
      </if>
      <if test="petsKind != null">
        #{petsKind,jdbcType=VARCHAR},
      </if>
      <if test="petsSpecies != null">
        #{petsSpecies,jdbcType=VARCHAR},
      </if>
      <if test="petsAddress != null">
        #{petsAddress,jdbcType=VARCHAR},
      </if>
      <if test="petsAdopcondition != null">
        #{petsAdopcondition,jdbcType=VARCHAR},
      </if>
      <if test="petsDescribe != null">
        #{petsDescribe,jdbcType=VARCHAR},
      </if>
      <if test="petsLinkman != null">
        #{petsLinkman,jdbcType=VARCHAR},
      </if>
      <if test="petsLmwechat != null">
        #{petsLmwechat,jdbcType=VARCHAR},
      </if>
      <if test="petsLmphone != null">
        #{petsLmphone,jdbcType=VARCHAR},
      </if>
      <if test="senderId != null">
        #{senderId,jdbcType=INTEGER},
      </if>
      <if test="sendTime != null">
        #{sendTime,jdbcType=TIMESTAMP},
      </if>
      <if test="petsImg != null">
        #{petsImg,jdbcType=VARCHAR},
      </if>
      <if test="ismoney != null">
        #{ismoney,jdbcType=INTEGER},
      </if>
    </trim>
  </insert>
  <update id="updateByPrimaryKeySelective" parameterType="com.example.dog.entity.adop">
    update pets_adop
    <set>
      <if test="petsName != null">
        pets_name = #{petsName,jdbcType=VARCHAR},
      </if>
      <if test="petsKind != null">
        pets_kind = #{petsKind,jdbcType=VARCHAR},
      </if>
      <if test="petsSpecies != null">
        pets_species = #{petsSpecies,jdbcType=VARCHAR},
      </if>
      <if test="petsAddress != null">
        pets_address = #{petsAddress,jdbcType=VARCHAR},
      </if>
      <if test="petsAdopcondition != null">
        pets_adopCondition = #{petsAdopcondition,jdbcType=VARCHAR},
      </if>
      <if test="petsDescribe != null">
        pets_describe = #{petsDescribe,jdbcType=VARCHAR},
      </if>
      <if test="petsLinkman != null">
        pets_linkman = #{petsLinkman,jdbcType=VARCHAR},
      </if>
      <if test="petsLmwechat != null">
        pets_lmWechat = #{petsLmwechat,jdbcType=VARCHAR},
      </if>
      <if test="petsLmphone != null">
        pets_lmPhone = #{petsLmphone,jdbcType=VARCHAR},
      </if>
      <if test="senderId != null">
        sender_id = #{senderId,jdbcType=INTEGER},
      </if>
      <if test="sendTime != null">
        send_time = #{sendTime,jdbcType=TIMESTAMP},
      </if>
      <if test="petsImg != null">
        pets_img = #{petsImg,jdbcType=VARCHAR},
      </if>
      <if test="ismoney != null">
        isMoney = #{ismoney,jdbcType=INTEGER},
      </if>
    </set>
    where pets_id = #{petsId,jdbcType=INTEGER}
  </update>
  <update id="updateByPrimaryKey" parameterType="com.example.dog.entity.adop">
    update pets_adop
    set pets_name = #{petsName,jdbcType=VARCHAR},
      pets_kind = #{petsKind,jdbcType=VARCHAR},
      pets_species = #{petsSpecies,jdbcType=VARCHAR},
      pets_address = #{petsAddress,jdbcType=VARCHAR},
      pets_adopCondition = #{petsAdopcondition,jdbcType=VARCHAR},
      pets_describe = #{petsDescribe,jdbcType=VARCHAR},
      pets_linkman = #{petsLinkman,jdbcType=VARCHAR},
      pets_lmWechat = #{petsLmwechat,jdbcType=VARCHAR},
      pets_lmPhone = #{petsLmphone,jdbcType=VARCHAR},
      sender_id = #{senderId,jdbcType=INTEGER},
      send_time = #{sendTime,jdbcType=TIMESTAMP},
      pets_img = #{petsImg,jdbcType=VARCHAR},
      isMoney = #{ismoney,jdbcType=INTEGER}
    where pets_id = #{petsId,jdbcType=INTEGER}
  </update>
</mapper>