<?xml version="1.0" encoding="UTF-8"?>
<!DOCTYPE mapper PUBLIC "-//mybatis.org//DTD Mapper 3.0//EN" "http://mybatis.org/dtd/mybatis-3-mapper.dtd">
<mapper namespace="com.example.dog.mapper.messagesMapper">
  <resultMap id="BaseResultMap" type="com.example.dog.entity.messages">
    <id column="mes_id" jdbcType="INTEGER" property="mesId"/>
    <result column="mes_sender" jdbcType="INTEGER" property="mesSender"/>
    <result column="mes_receiver" jdbcType="INTEGER" property="mesReceiver"/>
    <result column="mes_describe" jdbcType="VARCHAR" property="mesDescribe"/>
    <result column="mes_time" jdbcType="TIMESTAMP" property="mesTime"/>
    <result column="mes_states" jdbcType="INTEGER" property="mesStates"/>
  </resultMap>
  <sql id="Base_Column_List">
    mes_id, mes_sender, mes_receiver, mes_describe, mes_time, mes_states
  </sql>
  <select id="selectByPrimaryKey" parameterType="java.lang.Integer" resultMap="BaseResultMap">
    select 
    <include refid="Base_Column_List" />
    from messages
    where mes_id = #{mesId,jdbcType=INTEGER}
  </select>
  <delete id="deleteByPrimaryKey" parameterType="java.lang.Integer">
    delete from messages
    where mes_id = #{mesId,jdbcType=INTEGER}
  </delete>
  <insert id="insert" parameterType="com.example.dog.entity.messages">
    insert into messages (mes_id, mes_sender, mes_receiver, 
      mes_describe, mes_time, mes_states
      )
    values (#{mesId,jdbcType=INTEGER}, #{mesSender,jdbcType=INTEGER}, #{mesReceiver,jdbcType=INTEGER}, 
      #{mesDescribe,jdbcType=VARCHAR}, #{mesTime,jdbcType=TIMESTAMP}, #{mesStates,jdbcType=INTEGER}
      )
  </insert>
  <insert id="insertSelective" parameterType="com.example.dog.entity.messages">
    insert into messages
    <trim prefix="(" suffix=")" suffixOverrides=",">
      <if test="mesId != null">
        mes_id,
      </if>
      <if test="mesSender != null">
        mes_sender,
      </if>
      <if test="mesReceiver != null">
        mes_receiver,
      </if>
      <if test="mesDescribe != null">
        mes_describe,
      </if>
      <if test="mesTime != null">
        mes_time,
      </if>
      <if test="mesStates != null">
        mes_states,
      </if>
    </trim>
    <trim prefix="values (" suffix=")" suffixOverrides=",">
      <if test="mesId != null">
        #{mesId,jdbcType=INTEGER},
      </if>
      <if test="mesSender != null">
        #{mesSender,jdbcType=INTEGER},
      </if>
      <if test="mesReceiver != null">
        #{mesReceiver,jdbcType=INTEGER},
      </if>
      <if test="mesDescribe != null">
        #{mesDescribe,jdbcType=VARCHAR},
      </if>
      <if test="mesTime != null">
        #{mesTime,jdbcType=TIMESTAMP},
      </if>
      <if test="mesStates != null">
        #{mesStates,jdbcType=INTEGER},
      </if>
    </trim>
  </insert>
  <update id="updateByPrimaryKeySelective" parameterType="com.example.dog.entity.messages">
    update messages
    <set>
      <if test="mesSender != null">
        mes_sender = #{mesSender,jdbcType=INTEGER},
      </if>
      <if test="mesReceiver != null">
        mes_receiver = #{mesReceiver,jdbcType=INTEGER},
      </if>
      <if test="mesDescribe != null">
        mes_describe = #{mesDescribe,jdbcType=VARCHAR},
      </if>
      <if test="mesTime != null">
        mes_time = #{mesTime,jdbcType=TIMESTAMP},
      </if>
      <if test="mesStates != null">
        mes_states = #{mesStates,jdbcType=INTEGER},
      </if>
    </set>
    where mes_id = #{mesId,jdbcType=INTEGER}
  </update>
  <update id="updateByPrimaryKey" parameterType="com.example.dog.entity.messages">
    update messages
    set mes_sender = #{mesSender,jdbcType=INTEGER},
      mes_receiver = #{mesReceiver,jdbcType=INTEGER},
      mes_describe = #{mesDescribe,jdbcType=VARCHAR},
      mes_time = #{mesTime,jdbcType=TIMESTAMP},
      mes_states = #{mesStates,jdbcType=INTEGER}
    where mes_id = #{mesId,jdbcType=INTEGER}
  </update>
</mapper>