<?xml version="1.0" encoding="UTF-8"?>
<!DOCTYPE mapper PUBLIC "-//mybatis.org//DTD Mapper 3.0//EN" "http://mybatis.org/dtd/mybatis-3-mapper.dtd">
<mapper namespace="com.example.dog.mapper.rolesMapper">
  <resultMap id="BaseResultMap" type="com.example.dog.entity.roles">
    <result column="roles_id" jdbcType="INTEGER" property="rolesId"/>
    <result column="roles_name" jdbcType="VARCHAR" property="rolesName"/>
  </resultMap>
  <insert id="insert" parameterType="com.example.dog.entity.roles">
    insert into roles (roles_id, roles_name)
    values (#{rolesId,jdbcType=INTEGER}, #{rolesName,jdbcType=VARCHAR})
  </insert>


  <insert id="insertSelective" parameterType="com.example.dog.entity.roles">
    insert into roles
    <trim prefix="(" suffix=")" suffixOverrides=",">
      <if test="rolesId != null">
        roles_id,
      </if>
      <if test="rolesName != null">
        roles_name,
      </if>
    </trim>
    <trim prefix="values (" suffix=")" suffixOverrides=",">
      <if test="rolesId != null">
        #{rolesId,jdbcType=INTEGER},
      </if>
      <if test="rolesName != null">
        #{rolesName,jdbcType=VARCHAR},
      </if>
    </trim>
  </insert>
</mapper>