<?xml version="1.0" encoding="UTF-8"?>
<!DOCTYPE mapper PUBLIC "-//mybatis.org//DTD Mapper 3.0//EN" "http://mybatis.org/dtd/mybatis-3-mapper.dtd">
<mapper namespace="com.example.dog.mapper.saveMapper">
  <resultMap id="BaseResultMap" type="com.example.dog.entity.save">
    <id column="save_id" jdbcType="INTEGER" property="saveId"/>
    <result column="save_linkman" jdbcType="VARCHAR" property="saveLinkman"/>
    <result column="save_lmPhone" jdbcType="VARCHAR" property="saveLmphone"/>
    <result column="save_address" jdbcType="VARCHAR" property="saveAddress"/>
    <result column="save_describe" jdbcType="VARCHAR" property="saveDescribe"/>
    <result column="sender_id" jdbcType="INTEGER" property="senderId"/>
    <result column="reciver_id" jdbcType="INTEGER" property="reciverId"/>
    <result column="save_state" jdbcType="INTEGER" property="saveState"/>
    <result column="save_time" jdbcType="TIMESTAMP" property="saveTime"/>
    <result column="save_img" jdbcType="VARCHAR" property="saveImg"/>
  </resultMap>
  <sql id="Base_Column_List">
    save_id, save_linkman, save_lmPhone, save_address, save_describe, sender_id, reciver_id, 
    save_state, save_time, save_img
  </sql>
  <select id="selectByPrimaryKey" parameterType="java.lang.Integer" resultMap="BaseResultMap">
    select 
    <include refid="Base_Column_List" />
    from pets_save
    where save_id = #{saveId,jdbcType=INTEGER}
  </select>
  <delete id="deleteByPrimaryKey" parameterType="java.lang.Integer">
    delete from pets_save
    where save_id = #{saveId,jdbcType=INTEGER}
  </delete>
  <insert id="insert" parameterType="com.example.dog.entity.save">
    insert into pets_save (save_id, save_linkman, save_lmPhone, 
      save_address, save_describe, sender_id, 
      reciver_id, save_state, save_time, 
      save_img)
    values (#{saveId,jdbcType=INTEGER}, #{saveLinkman,jdbcType=VARCHAR}, #{saveLmphone,jdbcType=VARCHAR}, 
      #{saveAddress,jdbcType=VARCHAR}, #{saveDescribe,jdbcType=VARCHAR}, #{senderId,jdbcType=INTEGER}, 
      #{reciverId,jdbcType=INTEGER}, #{saveState,jdbcType=INTEGER}, #{saveTime,jdbcType=TIMESTAMP}, 
      #{saveImg,jdbcType=VARCHAR})
  </insert>
  <insert id="insertSelective" parameterType="com.example.dog.entity.save">
    insert into pets_save
    <trim prefix="(" suffix=")" suffixOverrides=",">
      <if test="saveId != null">
        save_id,
      </if>
      <if test="saveLinkman != null">
        save_linkman,
      </if>
      <if test="saveLmphone != null">
        save_lmPhone,
      </if>
      <if test="saveAddress != null">
        save_address,
      </if>
      <if test="saveDescribe != null">
        save_describe,
      </if>
      <if test="senderId != null">
        sender_id,
      </if>
      <if test="reciverId != null">
        reciver_id,
      </if>
      <if test="saveState != null">
        save_state,
      </if>
      <if test="saveTime != null">
        save_time,
      </if>
      <if test="saveImg != null">
        save_img,
      </if>
    </trim>
    <trim prefix="values (" suffix=")" suffixOverrides=",">
      <if test="saveId != null">
        #{saveId,jdbcType=INTEGER},
      </if>
      <if test="saveLinkman != null">
        #{saveLinkman,jdbcType=VARCHAR},
      </if>
      <if test="saveLmphone != null">
        #{saveLmphone,jdbcType=VARCHAR},
      </if>
      <if test="saveAddress != null">
        #{saveAddress,jdbcType=VARCHAR},
      </if>
      <if test="saveDescribe != null">
        #{saveDescribe,jdbcType=VARCHAR},
      </if>
      <if test="senderId != null">
        #{senderId,jdbcType=INTEGER},
      </if>
      <if test="reciverId != null">
        #{reciverId,jdbcType=INTEGER},
      </if>
      <if test="saveState != null">
        #{saveState,jdbcType=INTEGER},
      </if>
      <if test="saveTime != null">
        #{saveTime,jdbcType=TIMESTAMP},
      </if>
      <if test="saveImg != null">
        #{saveImg,jdbcType=VARCHAR},
      </if>
    </trim>
  </insert>
  <update id="updateByPrimaryKeySelective" parameterType="com.example.dog.entity.save">
    update pets_save
    <set>
      <if test="saveLinkman != null">
        save_linkman = #{saveLinkman,jdbcType=VARCHAR},
      </if>
      <if test="saveLmphone != null">
        save_lmPhone = #{saveLmphone,jdbcType=VARCHAR},
      </if>
      <if test="saveAddress != null">
        save_address = #{saveAddress,jdbcType=VARCHAR},
      </if>
      <if test="saveDescribe != null">
        save_describe = #{saveDescribe,jdbcType=VARCHAR},
      </if>
      <if test="senderId != null">
        sender_id = #{senderId,jdbcType=INTEGER},
      </if>
      <if test="reciverId != null">
        reciver_id = #{reciverId,jdbcType=INTEGER},
      </if>
      <if test="saveState != null">
        save_state = #{saveState,jdbcType=INTEGER},
      </if>
      <if test="saveTime != null">
        save_time = #{saveTime,jdbcType=TIMESTAMP},
      </if>
      <if test="saveImg != null">
        save_img = #{saveImg,jdbcType=VARCHAR},
      </if>
    </set>
    where save_id = #{saveId,jdbcType=INTEGER}
  </update>
  <update id="updateByPrimaryKey" parameterType="com.example.dog.entity.save">
    update pets_save
    set save_linkman = #{saveLinkman,jdbcType=VARCHAR},
      save_lmPhone = #{saveLmphone,jdbcType=VARCHAR},
      save_address = #{saveAddress,jdbcType=VARCHAR},
      save_describe = #{saveDescribe,jdbcType=VARCHAR},
      sender_id = #{senderId,jdbcType=INTEGER},
      reciver_id = #{reciverId,jdbcType=INTEGER},
      save_state = #{saveState,jdbcType=INTEGER},
      save_time = #{saveTime,jdbcType=TIMESTAMP},
      save_img = #{saveImg,jdbcType=VARCHAR}
    where save_id = #{saveId,jdbcType=INTEGER}
  </update>
</mapper>