<?xml version="1.0" encoding="UTF-8"?>
<!DOCTYPE mapper PUBLIC "-//mybatis.org//DTD Mapper 3.0//EN" "http://mybatis.org/dtd/mybatis-3-mapper.dtd">
<mapper namespace="com.example.dog.mapper.statesMapper">
  <resultMap id="BaseResultMap" type="com.example.dog.entity.states">
    <result column="states_id" jdbcType="INTEGER" property="statesId"/>
    <result column="states_describe" jdbcType="VARCHAR" property="statesDescribe"/>
  </resultMap>
  <insert id="insert" parameterType="com.example.dog.entity.states">
    insert into states (states_id, states_describe)
    values (#{statesId,jdbcType=INTEGER}, #{statesDescribe,jdbcType=VARCHAR})
  </insert>
  <insert id="insertSelective" parameterType="com.example.dog.entity.states">
    insert into states
    <trim prefix="(" suffix=")" suffixOverrides=",">
      <if test="statesId != null">
        states_id,
      </if>
      <if test="statesDescribe != null">
        states_describe,
      </if>
    </trim>
    <trim prefix="values (" suffix=")" suffixOverrides=",">
      <if test="statesId != null">
        #{statesId,jdbcType=INTEGER},
      </if>
      <if test="statesDescribe != null">
        #{statesDescribe,jdbcType=VARCHAR},
      </if>
    </trim>
  </insert>
</mapper>