<?xml version="1.0" encoding="UTF-8"?>
<!DOCTYPE mapper PUBLIC "-//mybatis.org//DTD Mapper 3.0//EN" "http://mybatis.org/dtd/mybatis-3-mapper.dtd">
<mapper namespace="com.example.dog.mapper.tradeMapper">
  <resultMap id="BaseResultMap" type="com.example.dog.entity.trade">
    <id column="trade_id" jdbcType="INTEGER" property="tradeId"/>
    <result column="pets_id" jdbcType="INTEGER" property="petsId"/>
    <result column="trade_applyman" jdbcType="INTEGER" property="tradeApplyman"/>
    <result column="trade_respondman" jdbcType="INTEGER" property="tradeRespondman"/>
    <result column="trade_states" jdbcType="INTEGER" property="tradeStates"/>
    <result column="trade_time" jdbcType="TIMESTAMP" property="tradeTime"/>
  </resultMap>
  <sql id="Base_Column_List">
    trade_id, pets_id, trade_applyman, trade_respondman, trade_states, trade_time
  </sql>
  <select id="selectByPrimaryKey" parameterType="java.lang.Integer" resultMap="BaseResultMap">
    select 
    <include refid="Base_Column_List" />
    from pets_trade
    where trade_id = #{tradeId,jdbcType=INTEGER}
  </select>
  <delete id="deleteByPrimaryKey" parameterType="java.lang.Integer">
    delete from pets_trade
    where trade_id = #{tradeId,jdbcType=INTEGER}
  </delete>
  <insert id="insert" parameterType="com.example.dog.entity.trade">
    insert into pets_trade (trade_id, pets_id, trade_applyman, 
      trade_respondman, trade_states, trade_time
      )
    values (#{tradeId,jdbcType=INTEGER}, #{petsId,jdbcType=INTEGER}, #{tradeApplyman,jdbcType=INTEGER}, 
      #{tradeRespondman,jdbcType=INTEGER}, #{tradeStates,jdbcType=INTEGER}, #{tradeTime,jdbcType=TIMESTAMP}
      )
  </insert>
  <insert id="insertSelective" parameterType="com.example.dog.entity.trade">
    insert into pets_trade
    <trim prefix="(" suffix=")" suffixOverrides=",">
      <if test="tradeId != null">
        trade_id,
      </if>
      <if test="petsId != null">
        pets_id,
      </if>
      <if test="tradeApplyman != null">
        trade_applyman,
      </if>
      <if test="tradeRespondman != null">
        trade_respondman,
      </if>
      <if test="tradeStates != null">
        trade_states,
      </if>
      <if test="tradeTime != null">
        trade_time,
      </if>
    </trim>
    <trim prefix="values (" suffix=")" suffixOverrides=",">
      <if test="tradeId != null">
        #{tradeId,jdbcType=INTEGER},
      </if>
      <if test="petsId != null">
        #{petsId,jdbcType=INTEGER},
      </if>
      <if test="tradeApplyman != null">
        #{tradeApplyman,jdbcType=INTEGER},
      </if>
      <if test="tradeRespondman != null">
        #{tradeRespondman,jdbcType=INTEGER},
      </if>
      <if test="tradeStates != null">
        #{tradeStates,jdbcType=INTEGER},
      </if>
      <if test="tradeTime != null">
        #{tradeTime,jdbcType=TIMESTAMP},
      </if>
    </trim>
  </insert>
  <update id="updateByPrimaryKeySelective" parameterType="com.example.dog.entity.trade">
    update pets_trade
    <set>
      <if test="petsId != null">
        pets_id = #{petsId,jdbcType=INTEGER},
      </if>
      <if test="tradeApplyman != null">
        trade_applyman = #{tradeApplyman,jdbcType=INTEGER},
      </if>
      <if test="tradeRespondman != null">
        trade_respondman = #{tradeRespondman,jdbcType=INTEGER},
      </if>
      <if test="tradeStates != null">
        trade_states = #{tradeStates,jdbcType=INTEGER},
      </if>
      <if test="tradeTime != null">
        trade_time = #{tradeTime,jdbcType=TIMESTAMP},
      </if>
    </set>
    where trade_id = #{tradeId,jdbcType=INTEGER}
  </update>
  <update id="updateByPrimaryKey" parameterType="com.example.dog.entity.trade">
    update pets_trade
    set pets_id = #{petsId,jdbcType=INTEGER},
      trade_applyman = #{tradeApplyman,jdbcType=INTEGER},
      trade_respondman = #{tradeRespondman,jdbcType=INTEGER},
      trade_states = #{tradeStates,jdbcType=INTEGER},
      trade_time = #{tradeTime,jdbcType=TIMESTAMP}
    where trade_id = #{tradeId,jdbcType=INTEGER}
  </update>
</mapper>