<?xml version="1.0" encoding="UTF-8"?>
<!DOCTYPE mapper PUBLIC "-//mybatis.org//DTD Mapper 3.0//EN" "http://mybatis.org/dtd/mybatis-3-mapper.dtd">
<mapper namespace="com.example.dog.mapper.usersMapper">
  <resultMap id="BaseResultMap" type="com.example.dog.entity.users">
    <id column="users_id" jdbcType="INTEGER" property="usersId"/>
    <result column="users_name" jdbcType="VARCHAR" property="usersName"/>
    <result column="users_password" jdbcType="VARCHAR" property="usersPassword"/>
    <result column="users_address" jdbcType="VARCHAR" property="usersAddress"/>
    <result column="users_phone" jdbcType="VARCHAR" property="usersPhone"/>
    <result column="users_role" jdbcType="INTEGER" property="usersRole"/>
    <result column="users_img" jdbcType="VARCHAR" property="usersImg"/>
  </resultMap>
  <sql id="Base_Column_List">
    users_id, users_name, users_password, users_address, users_phone, users_role, users_img
  </sql>
  <select id="selectByPrimaryKey" parameterType="java.lang.Integer" resultMap="BaseResultMap">
    select 
    <include refid="Base_Column_List" />
    from users
    where users_id = #{usersId,jdbcType=INTEGER}
  </select>
  <delete id="deleteByPrimaryKey" parameterType="java.lang.Integer">
    delete from users
    where users_id = #{usersId,jdbcType=INTEGER}
  </delete>
  <insert id="insert" parameterType="com.example.dog.entity.users">
    insert into users (users_id, users_name, users_password, 
      users_address, users_phone, users_role, 
      users_img)
    values (#{usersId,jdbcType=INTEGER}, #{usersName,jdbcType=VARCHAR}, #{usersPassword,jdbcType=VARCHAR}, 
      #{usersAddress,jdbcType=VARCHAR}, #{usersPhone,jdbcType=VARCHAR}, #{usersRole,jdbcType=INTEGER}, 
      #{usersImg,jdbcType=VARCHAR})
  </insert>
  <insert id="insertSelective" parameterType="com.example.dog.entity.users">
    insert into users
    <trim prefix="(" suffix=")" suffixOverrides=",">
      <if test="usersId != null">
        users_id,
      </if>
      <if test="usersName != null">
        users_name,
      </if>
      <if test="usersPassword != null">
        users_password,
      </if>
      <if test="usersAddress != null">
        users_address,
      </if>
      <if test="usersPhone != null">
        users_phone,
      </if>
      <if test="usersRole != null">
        users_role,
      </if>
      <if test="usersImg != null">
        users_img,
      </if>
    </trim>
    <trim prefix="values (" suffix=")" suffixOverrides=",">
      <if test="usersId != null">
        #{usersId,jdbcType=INTEGER},
      </if>
      <if test="usersName != null">
        #{usersName,jdbcType=VARCHAR},
      </if>
      <if test="usersPassword != null">
        #{usersPassword,jdbcType=VARCHAR},
      </if>
      <if test="usersAddress != null">
        #{usersAddress,jdbcType=VARCHAR},
      </if>
      <if test="usersPhone != null">
        #{usersPhone,jdbcType=VARCHAR},
      </if>
      <if test="usersRole != null">
        #{usersRole,jdbcType=INTEGER},
      </if>
      <if test="usersImg != null">
        #{usersImg,jdbcType=VARCHAR},
      </if>
    </trim>
  </insert>
  <update id="updateByPrimaryKeySelective" parameterType="com.example.dog.entity.users">
    update users
    <set>
      <if test="usersName != null">
        users_name = #{usersName,jdbcType=VARCHAR},
      </if>
      <if test="usersPassword != null">
        users_password = #{usersPassword,jdbcType=VARCHAR},
      </if>
      <if test="usersAddress != null">
        users_address = #{usersAddress,jdbcType=VARCHAR},
      </if>
      <if test="usersPhone != null">
        users_phone = #{usersPhone,jdbcType=VARCHAR},
      </if>
      <if test="usersRole != null">
        users_role = #{usersRole,jdbcType=INTEGER},
      </if>
      <if test="usersImg != null">
        users_img = #{usersImg,jdbcType=VARCHAR},
      </if>
    </set>
    where users_id = #{usersId,jdbcType=INTEGER}
  </update>
  <update id="updateByPrimaryKey" parameterType="com.example.dog.entity.users">
    update users
    set users_name = #{usersName,jdbcType=VARCHAR},
      users_password = #{usersPassword,jdbcType=VARCHAR},
      users_address = #{usersAddress,jdbcType=VARCHAR},
      users_phone = #{usersPhone,jdbcType=VARCHAR},
      users_role = #{usersRole,jdbcType=INTEGER},
      users_img = #{usersImg,jdbcType=VARCHAR}
    where users_id = #{usersId,jdbcType=INTEGER}
  </update>
</mapper>